Workbook

Sheet Genel Bakış
B2: TERAPİMAP — 90 GÜNLÜK BÜYÜME PLANI (03 Ağu – 25 Eki 2026)
B3: Tek kişilik full-time yürütme · ~7.000 TL/ay bütçe · Hedef: ilk 1000 uzmanı doldurmak, doğrulama & trafiği büyütmek, gelir altyapısını kurmak.
B5: KUZEY YILDIZI
B6: 90 günde: 1000+ profil, 150+ doğrulanmış uzman, 26 yayınlı rehber, ölçülebilir organik trafik artışı ve ilk ödeyen uzmanlar (Featured pilot).
B8: 3 FAZ
B9: Faz 1 · Temel & Doldurma | D9: Hafta 1-4 (03-30 Ağu) | E9: Altyapı+ölçüm kur, migration'ları bitir, doğrulama kampanyasını başlat, içerik motorunu ısıt, güven sinyalleri.
B10: Faz 2 · Trafik & Büyüme | D10: Hafta 5-8 (31 Ağu-27 Eyl) | E10: Eşleştirme quiz'i, ilk ücretli test, içerik hızı, GEO, Featured paket tasarımı + pilot.
B11: Faz 3 · Dönüşüm & Gelir | D11: Hafta 9-12 (28 Eyl-25 Eki) | E11: Featured satışı ölçekle, dönüşüm optimizasyonu, 1000 profili kapat, 90 gün retrospektifi + Q4 planı.
B13: İŞ KOLLARI (takvimden otomatik sayım)
B14: İş Kolu | C14: Kapsam | G14: Görev sayısı | H14: Toplam saat
B15: Uzman Kazanımı | C15: Doğrulama outreach, self-registration tanıtımı, cold outreach, 1000 hedefi. | G15: =COUNTIF('12 Haftalık Takvim'!$D$4:$D$400,B15) -> 12 | H15: =SUMIF('12 Haftalık Takvim'!$D$4:$D$400,B15,'12 Haftalık Takvim'!$G$4:$G$400) -> 51
B16: Danışan Trafiği | C16: Teknik SEO, anahtar kelime, GEO, backlink, ücretli test, dönüşüm. | G16: =COUNTIF('12 Haftalık Takvim'!$D$4:$D$400,B16) -> 11 | H16: =SUMIF('12 Haftalık Takvim'!$D$4:$D$400,B16,'12 Haftalık Takvim'!$G$4:$G$400) -> 52
B17: İçerik Motoru | C17: Haftada ~2 rehber (pipeline), kapak görseli, iç linkleme, konu kümeleri. | G17: =COUNTIF('12 Haftalık Takvim'!$D$4:$D$400,B17) -> 12 | H17: =SUMIF('12 Haftalık Takvim'!$D$4:$D$400,B17,'12 Haftalık Takvim'!$G$4:$G$400) -> 92
B18: Ürün/UX | C18: Eşleştirme quiz'i, lead formu, randevu akışı, hız/CWV. | G18: =COUNTIF('12 Haftalık Takvim'!$D$4:$D$400,B18) -> 9 | H18: =SUMIF('12 Haftalık Takvim'!$D$4:$D$400,B18,'12 Haftalık Takvim'!$G$4:$G$400) -> 41
B19: Para Modeli | C19: Rakip analizi, Featured paket, faturalama, pilot satış, gelir raporu. | G19: =COUNTIF('12 Haftalık Takvim'!$D$4:$D$400,B19) -> 8 | H19: =SUMIF('12 Haftalık Takvim'!$D$4:$D$400,B19,'12 Haftalık Takvim'!$G$4:$G$400) -> 41
B20: Güven & İtibar | C20: Tıbbi danışman, editoryal politika, E-E-A-T, doğrulanmış rozet, sosyal kanıt. | G20: =COUNTIF('12 Haftalık Takvim'!$D$4:$D$400,B20) -> 6 | H20: =SUMIF('12 Haftalık Takvim'!$D$4:$D$400,B20,'12 Haftalık Takvim'!$G$4:$G$400) -> 18
B21: Ölçüm/Altyapı | C21: Migration, GSC/Bing/Clarity, faz retrospektifleri, KPI takip. | G21: =COUNTIF('12 Haftalık Takvim'!$D$4:$D$400,B21) -> 5 | H21: =SUMIF('12 Haftalık Takvim'!$D$4:$D$400,B21,'12 Haftalık Takvim'!$G$4:$G$400) -> 17
B23: Nasıl kullanılır: '12 Haftalık Takvim' sekmesinde her hafta için görevler var. 'Durum' sütununu (Yapılacak/Devam/Bitti) güncelle. Öncelik P1'ler pazarlık payı yok; sıkışırsan önce P3'leri ertele. 'Bütçe' ve 'KPI Takip' sekmeleri aylık takip içindir.

Sheet 12 Haftalık Takvim
A1: 12 HAFTALIK UYGULAMA TAKVİMİ
A3: Hafta | B3: Tarih | C3: Faz | D3: İş Kolu | E3: Görev | F3: Öncelik | G3: Saat | H3: Hedef / Çıktı (KPI) | I3: Durum
A4: H1 | B4: 03-09 Ağu | C4: Faz 1 | D4: Ölçüm/Altyapı | E4: Bekleyen migration'ları çalıştır (seo_landing, therapist_applications) + Vercel env (SITE_URL, Maps key) | F4: P1 | G4: 3 | H4: 42703 hataları biter; landing SEO alanları & başvuru formu aktif | I4: Yapılacak
A5: H1 | B5: 03-09 Ağu | C5: Faz 1 | D5: Ölçüm/Altyapı | E5: Google Search Console + Bing Webmaster + Microsoft Clarity + analitik kur, sitemap gönder | F5: P1 | G5: 4 | H5: Trafik & davranış ölçümü canlı | I5: Yapılacak
A6: H1 | B6: 03-09 Ağu | C6: Faz 1 | D6: Uzman Kazanımı | E6: Doğrulama outreach altyapısı: e-posta/DM şablonları + 763 profillik takip tablosu | F6: P1 | G6: 6 | H6: Kampanya hazır | I6: Yapılacak
A7: H1 | B7: 03-09 Ağu | C7: Faz 1 | D7: İçerik Motoru | E7: 24 konuluk içerik takvimi; ACT + BDT makalelerini importer ile yayına al | F7: P1 | G7: 6 | H7: 2 rehber yayında | I7: Yapılacak
A8: H1 | B8: 03-09 Ağu | C8: Faz 1 | D8: Güven & İtibar | E8: Editoryal politika + yazar/tıbbi danışman sayfası; lisanslı psikolog danışman araştırması | F8: P2 | G8: 4 | H8: E-E-A-T temeli | I8: Yapılacak
A9: H1 | B9: 03-09 Ağu | C9: Faz 1 | D9: Uzman Kazanımı | E9: Veri girişi + outreach için VA/freelancer ilanı ve seçim | F9: P2 | G9: 3 | H9: Destek işe alındı | I9: Yapılacak
A10: H2 | B10: 10-16 Ağu | C10: Faz 1 | D10: Uzman Kazanımı | E10: Doğrulama e-postası 1. dalga: 100-150 mevcut profile kişiselleştirilmiş davet | F10: P1 | G10: 6 | H10: İlk doğrulamalar gelir | I10: Yapılacak
A11: H2 | B11: 10-16 Ağu | C11: Faz 1 | D11: Danışan Trafiği | E11: Anahtar kelime araştırması: şehir×uzmanlık öncelik matrisi; en iyi 20 landing'i güçlendir | F11: P1 | G11: 6 | H11: Öncelikli landing listesi + iç link | I11: Yapılacak
A12: H2 | B12: 10-16 Ağu | C12: Faz 1 | D12: İçerik Motoru | E12: 2 yeni rehber (anksiyete, depresyon) + kapak görselleri | F12: P1 | G12: 8 | H12: 4 rehber yayında | I12: Yapılacak
A13: H2 | B13: 10-16 Ağu | C13: Faz 1 | D13: Ürün/UX | E13: Clarity/analitik ilk okuma: profil & landing dropoff noktaları | F13: P2 | G13: 3 | H13: Dönüşüm engelleri listesi | I13: Yapılacak
A14: H2 | B14: 10-16 Ağu | C14: Faz 1 | D14: Güven & İtibar | E14: Tıbbi danışman psikolog ile anlaşma (retainer/makale başı) | F14: P2 | G14: 3 | H14: Danışan onayı süreci başlar | I14: Yapılacak
A15: H2 | B15: 10-16 Ağu | C15: Faz 1 | D15: Uzman Kazanımı | E15: VA onboarding: veri temizliği + outreach listesi genişletme | F15: P2 | G15: 3 | H15: Liste 300+ kişi | I15: Yapılacak
... A66: H12 | B66: 19-25 Eki | C66: Faz 3 | D66: Uzman Kazanımı | E66: Sonraki büyüme kanalları planı (partnership, üniversite, dernek) | F66: P2 | G66: 3 | H66: Kanal genişleme planı | I66: Yapılacak
E67: TOPLAM PLANLI SAAT | G67: =SUM(G4:G66) -> 312

Sheet Bütçe
A1: AYLIK BÜTÇE PLANI (~7.000 TL/ay)
A3: Kalem | B3: Açıklama | C3: Ay 1 (TL) | D3: Ay 2 (TL) | E3: Ay 3 (TL) | F3: Toplam (TL)
A4: VA / Freelancer | B4: Veri girişi, profil temizliği, outreach | C4: 3000 | D4: 3000 | E4: 3000 | F4: =SUM(C4:E4) -> 9000
A5: Tıbbi danışman (psikolog) | B5: İçerik onayı / E-E-A-T retainer | C5: 2000 | D5: 2000 | E5: 2000 | F5: =SUM(C5:E5) -> 6000
A6: Araçlar | B6: Rank tracker, e-posta outreach, görsel (Clarity ücretsiz) | C6: 700 | D6: 700 | E6: 700 | F6: =SUM(C6:E6) -> 2100
A7: Ücretli reklam testi | B7: Google Arama (Faz 1'de 0, Faz 2'den itibaren) | C7: 0 | D7: 1300 | E7: 1300 | F7: =SUM(C7:E7) -> 2600
A8: Tampon / fırsat | B8: Backlink, PR, beklenmedik | C8: 1300 | D8: 0 | E8: 0 | F8: =SUM(C8:E8) -> 1300
A9: TOPLAM | C9: =SUM(C4:C8) -> 7000 | D9: =SUM(D4:D8) -> 7000 | E9: =SUM(E4:E8) -> 7000 | F9: =SUM(F4:F8) -> 21000
A11: Not: Ay 1'de reklam yerine tampon/backlink'e ağırlık; Faz 2'den itibaren ücretli test devreye girer. Rakamlar TL ve tahminidir; sarı hücreler kendi gerçek maliyetinle güncellenmelidir.

Sheet KPI Takip
A1: KPI TAKİP — 30 / 60 / 90 GÜN HEDEFLERİ
A3: Metrik | B3: Başlangıç (bugün) | C3: 30 gün | D3: 60 gün | E3: 90 gün | F3: Gerçekleşen (güncelle)
A4: Toplam profil | B4: 763 | C4: 850 | D4: 950 | E4: 1.000+
A5: Doğrulanmış profil | B5: 0 | C5: 40 | D5: 90 | E5: 150+
A6: Yayınlanan rehber | B6: 2 | C6: 10 | D6: 18 | E6: 26
A7: Aylık organik ziyaret | B7: ölç (baseline) | C7: +%25 | D7: +%75 | E7: +%150
A8: İndekslenen landing sayfası | B8: ölç | C8: artış | D8: artış | E8: artış
A9: Aylık danışan talebi (lead) | B9: ölç | C9: +%30 | D9: +%80 | E9: +%150
A10: Ödeyen uzman (Featured) | B10: 0 | C10: 0 | D10: 5 | E10: 20+
A11: Aylık gelir (TL) | B11: 0 | C11: 0 | D11: pilot | E11: hedef belirle
A13: Her hafta sonu 'Gerçekleşen' sütununu güncelle. Sarı hücreler senin ölçümlerinle doldurulacak. Organik ziyaret & lead için önce baseline'ı (bu haftaki değeri) ölç.
